"","sp1","sp2","sp3","sp4","sp5","sp6","sp7","sp8","p_level","f_comb","f_level","meso_num","fun_inoc_tube_num"
"1","VAN","VAN","VAN","VAN","VAN","VAN","VAN","VAN","1","NA","0",1,NA
"2","GPR","GPR","GPR","GPR","GPR","GPR","GPR","GPR","1","NA","0",2,NA
"3","CVU","CVU","CVU","CVU","CVU","CVU","CVU","CVU","1","NA","0",3,NA
"4","VMY","VMY","VMY","VMY","VMY","VMY","VMY","VMY","1","NA","0",4,NA
"5","VCO","VCO","VCO","VCO","VCO","VCO","VCO","VCO","1","NA","0",5,NA
"6","VVI","VVI","VVI","VVI","VVI","VVI","VVI","VVI","1","NA","0",6,NA
"7","VMA","VMA","VMA","VMA","VMA","VMA","VMA","VMA","1","NA","0",7,NA
"8","PJA","PJA","PJA","PJA","PJA","PJA","PJA","PJA","1","NA","0",8,NA
"9","KLA","KLA","KLA","KLA","KLA","KLA","KLA","KLA","1","NA","0",9,NA
"10","GMI","GMI","GMI","GMI","GMI","GMI","GMI","GMI","1","NA","0",10,NA
"11","GSH","GSH","GSH","GSH","GSH","GSH","GSH","GSH","1","NA","0",11,NA
"12","VAN","VAN","VAN","VAN","VAN","VAN","VAN","VAN","1","NA","0",12,NA
"13","GPR","GPR","GPR","GPR","GPR","GPR","GPR","GPR","1","NA","0",13,NA
"14","CVU","CVU","CVU","CVU","CVU","CVU","CVU","CVU","1","NA","0",14,NA
"15","VMY","VMY","VMY","VMY","VMY","VMY","VMY","VMY","1","NA","0",15,NA
"16","VCO","VCO","VCO","VCO","VCO","VCO","VCO","VCO","1","NA","0",16,NA
"17","VVI","VVI","VVI","VVI","VVI","VVI","VVI","VVI","1","NA","0",17,NA
"18","VMA","VMA","VMA","VMA","VMA","VMA","VMA","VMA","1","NA","0",18,NA
"19","PJA","PJA","PJA","PJA","PJA","PJA","PJA","PJA","1","NA","0",19,NA
"20","KLA","KLA","KLA","KLA","KLA","KLA","KLA","KLA","1","NA","0",20,NA
"21","GMI","GMI","GMI","GMI","GMI","GMI","GMI","GMI","1","NA","0",21,NA
"22","GSH","GSH","GSH","GSH","GSH","GSH","GSH","GSH","1","NA","0",22,NA
"23","VAN","VAN","VAN","VAN","VAN","VAN","VAN","VAN","1","NA","0",23,NA
"24","GPR","GPR","GPR","GPR","GPR","GPR","GPR","GPR","1","NA","0",24,NA
"25","CVU","CVU","CVU","CVU","CVU","CVU","CVU","CVU","1","NA","0",25,NA
"26","VMY","VMY","VMY","VMY","VMY","VMY","VMY","VMY","1","NA","0",26,NA
"27","VCO","VCO","VCO","VCO","VCO","VCO","VCO","VCO","1","NA","0",27,NA
"28","VVI","VVI","VVI","VVI","VVI","VVI","VVI","VVI","1","NA","0",28,NA
"29","VMA","VMA","VMA","VMA","VMA","VMA","VMA","VMA","1","NA","0",29,NA
"30","PJA","PJA","PJA","PJA","PJA","PJA","PJA","PJA","1","NA","0",30,NA
"31","KLA","KLA","KLA","KLA","KLA","KLA","KLA","KLA","1","NA","0",31,NA
"32","GMI","GMI","GMI","GMI","GMI","GMI","GMI","GMI","1","NA","0",32,NA
"33","GSH","GSH","GSH","GSH","GSH","GSH","GSH","GSH","1","NA","0",33,NA
"34","VAN","VMY","VAN","VMY","VAN","VMY","VAN","VMY","2","NA","0",34,NA
"35","VAN","VCO","VAN","VCO","VAN","VCO","VAN","VCO","2","NA","0",35,NA
"36","GPR","VVI","GPR","VVI","GPR","VVI","GPR","VVI","2","NA","0",36,NA
"37","GPR","VMA","GPR","VMA","GPR","VMA","GPR","VMA","2","NA","0",37,NA
"38","VAN","KLA","VAN","KLA","VAN","KLA","VAN","KLA","2","NA","0",38,NA
"39","GPR","GMI","GPR","GMI","GPR","GMI","GPR","GMI","2","NA","0",39,NA
"40","GPR","GSH","GPR","GSH","GPR","GSH","GPR","GSH","2","NA","0",40,NA
"41","CVU","VCO","CVU","VCO","CVU","VCO","CVU","VCO","2","NA","0",41,NA
"42","CVU","VVI","CVU","VVI","CVU","VVI","CVU","VVI","2","NA","0",42,NA
"43","CVU","VMA","CVU","VMA","CVU","VMA","CVU","VMA","2","NA","0",43,NA
"44","CVU","PJA","CVU","PJA","CVU","PJA","CVU","PJA","2","NA","0",44,NA
"45","VMY","GMI","VMY","GMI","VMY","GMI","VMY","GMI","2","NA","0",45,NA
"46","CVU","GSH","CVU","GSH","CVU","GSH","CVU","GSH","2","NA","0",46,NA
"47","VCO","VVI","VCO","VVI","VCO","VVI","VCO","VVI","2","NA","0",47,NA
"48","VCO","VMA","VCO","VMA","VCO","VMA","VCO","VMA","2","NA","0",48,NA
"49","VCO","KLA","VCO","KLA","VCO","KLA","VCO","KLA","2","NA","0",49,NA
"50","VCO","GMI","VCO","GMI","VCO","GMI","VCO","GMI","2","NA","0",50,NA
"51","VCO","GSH","VCO","GSH","VCO","GSH","VCO","GSH","2","NA","0",51,NA
"52","VVI","VMA","VVI","VMA","VVI","VMA","VVI","VMA","2","NA","0",52,NA
"53","VVI","KLA","VVI","KLA","VVI","KLA","VVI","KLA","2","NA","0",53,NA
"54","VVI","GMI","VVI","GMI","VVI","GMI","VVI","GMI","2","NA","0",54,NA
"55","VVI","GSH","VVI","GSH","VVI","GSH","VVI","GSH","2","NA","0",55,NA
"56","VMA","KLA","VMA","KLA","VMA","KLA","VMA","KLA","2","NA","0",56,NA
"57","VMA","GMI","VMA","GMI","VMA","GMI","VMA","GMI","2","NA","0",57,NA
"58","VMA","GSH","VMA","GSH","VMA","GSH","VMA","GSH","2","NA","0",58,NA
"59","KLA","GMI","KLA","GMI","KLA","GMI","KLA","GMI","2","NA","0",59,NA
"60","KLA","GSH","KLA","GSH","KLA","GSH","KLA","GSH","2","NA","0",60,NA
"61","GMI","GSH","GMI","GSH","GMI","GSH","GMI","GSH","2","NA","0",61,NA
"62","KLA","GSH","KLA","GSH","KLA","GSH","KLA","GSH","2","NA","0",62,NA
"63","VCO","VMA","VCO","VMA","VCO","VMA","VCO","VMA","2","NA","0",63,NA
"64","VVI","VMA","PJA","GSH","VVI","VMA","PJA","GSH","4","NA","0",64,NA
"65","CVU","VCO","VVI","VMA","CVU","VCO","VVI","VMA","4","NA","0",65,NA
"66","VAN","VMY","KLA","GMI","VAN","VMY","KLA","GMI","4","NA","0",66,NA
"67","VAN","CVU","VMA","GSH","VAN","CVU","VMA","GSH","4","NA","0",67,NA
"68","VMY","VCO","PJA","GSH","VMY","VCO","PJA","GSH","4","NA","0",68,NA
"69","VAN","VMY","VCO","VMA","VAN","VMY","VCO","VMA","4","NA","0",69,NA
"70","GPR","CVU","VVI","GMI","GPR","CVU","VVI","GMI","4","NA","0",70,NA
"71","VCO","VMA","GMI","GSH","VCO","VMA","GMI","GSH","4","NA","0",71,NA
"72","VVI","VMA","PJA","GMI","VVI","VMA","PJA","GMI","4","NA","0",72,NA
"73","GPR","VVI","KLA","GSH","GPR","VVI","KLA","GSH","4","NA","0",73,NA
"74","VMY","VCO","GMI","GSH","VMY","VCO","GMI","GSH","4","NA","0",74,NA
"75","VAN","VMY","VCO","GMI","VAN","VMY","VCO","GMI","4","NA","0",75,NA
"76","VCO","KLA","GMI","GSH","VCO","KLA","GMI","GSH","4","NA","0",76,NA
"77","VAN","VMY","GMI","GSH","VAN","VMY","GMI","GSH","4","NA","0",77,NA
"78","VMY","VVI","VMA","KLA","VMY","VVI","VMA","KLA","4","NA","0",78,NA
"79","CVU","VCO","VVI","GSH","CVU","VCO","VVI","GSH","4","NA","0",79,NA
"80","GPR","CVU","VVI","GSH","GPR","CVU","VVI","GSH","4","NA","0",80,NA
"81","CVU","VCO","VVI","KLA","CVU","VCO","VVI","KLA","4","NA","0",81,NA
"82","VCO","VMA","PJA","GSH","VCO","VMA","PJA","GSH","4","NA","0",82,NA
"83","VCO","VMA","KLA","GMI","VCO","VMA","KLA","GMI","4","NA","0",83,NA
"84","CVU","VVI","VMA","GMI","CVU","VVI","VMA","GMI","4","NA","0",84,NA
"85","CVU","VVI","VMA","GSH","CVU","VVI","VMA","GSH","4","NA","0",85,NA
"86","VCO","VVI","KLA","GSH","VCO","VVI","KLA","GSH","4","NA","0",86,NA
"87","VMY","VVI","PJA","GSH","VMY","VVI","PJA","GSH","4","NA","0",87,NA
"88","VMA","KLA","GMI","GSH","VMA","KLA","GMI","GSH","4","NA","0",88,NA
"89","VVI","KLA","GMI","GSH","VVI","KLA","GMI","GSH","4","NA","0",89,NA
"90","CVU","VCO","VMA","GMI","CVU","VCO","VMA","GMI","4","NA","0",90,NA
"91","CVU","VCO","VVI","GMI","CVU","VCO","VVI","GMI","4","NA","0",91,NA
"92","GPR","VMA","KLA","GMI","GPR","VMA","KLA","GMI","4","NA","0",92,NA
"93","VVI","VMA","GMI","GSH","VVI","VMA","GMI","GSH","4","NA","0",93,NA
"94","GPR","CVU","VCO","VVI","VMA","PJA","GMI","GSH","8","NA","0",94,NA
"95","VAN","CVU","VCO","VVI","VMA","PJA","GMI","GSH","8","NA","0",95,NA
"96","GPR","CVU","VCO","VVI","VMA","KLA","GMI","GSH","8","NA","0",96,NA
"97","VAN","VMY","VCO","VVI","VMA","PJA","GMI","GSH","8","NA","0",97,NA
"98","VAN","CVU","VCO","VVI","VMA","KLA","GMI","GSH","8","NA","0",98,NA
"99","GPR","CVU","VCO","VVI","VMA","KLA","GMI","GSH","8","NA","0",99,NA
"100","GPR","CVU","VCO","VVI","VMA","PJA","GMI","GSH","8","NA","0",100,NA
"101","VAN","CVU","VCO","VVI","VMA","KLA","GMI","GSH","8","NA","0",101,NA
"102","VAN","VMY","VCO","VVI","VMA","KLA","GMI","GSH","8","NA","0",102,NA
"103","VAN","CVU","VCO","VVI","VMA","KLA","GMI","GSH","8","NA","0",103,NA
"104","VAN","VMY","VCO","VVI","VMA","KLA","GMI","GSH","8","NA","0",104,NA
"105","VAN","VMY","VCO","VVI","VMA","KLA","GMI","GSH","8","NA","0",105,NA
"106","GPR","CVU","VCO","VVI","VMA","KLA","GMI","GSH","8","NA","0",106,NA
"107","GPR","VMY","VCO","VVI","VMA","KLA","GMI","GSH","8","NA","0",107,NA
"108","GPR","VMY","VCO","VVI","VMA","PJA","GMI","GSH","8","NA","0",108,NA
"109","VAN","CVU","VCO","VVI","VMA","KLA","GMI","GSH","8","NA","0",109,NA
"110","VAN","VMY","VCO","VVI","VMA","KLA","GMI","GSH","8","NA","0",110,NA
"111","GPR","CVU","VCO","VVI","VMA","PJA","GMI","GSH","8","NA","0",111,NA
"112","GPR","CVU","VCO","VVI","VMA","PJA","GMI","GSH","8","NA","0",112,NA
"113","GPR","CVU","VCO","VVI","VMA","KLA","GMI","GSH","8","NA","0",113,NA
"114","VAN","CVU","VCO","VVI","VMA","KLA","GMI","GSH","8","NA","0",114,NA
"115","GPR","VMY","VCO","VVI","VMA","PJA","GMI","GSH","8","NA","0",115,NA
"116","GPR","VMY","VCO","VVI","VMA","KLA","GMI","GSH","8","NA","0",116,NA
"117","GPR","VMY","VCO","VVI","VMA","PJA","GMI","GSH","8","NA","0",117,NA
"118","VAN","VMY","VCO","VVI","VMA","KLA","GMI","GSH","8","NA","0",118,NA
"119","GPR","VMY","VCO","VVI","VMA","PJA","GMI","GSH","8","NA","0",119,NA
"120","VAN","CVU","VCO","VVI","VMA","KLA","GMI","GSH","8","NA","0",120,NA
"121","GPR","VMY","VCO","VVI","VMA","KLA","GMI","GSH","8","NA","0",121,NA
"122","VAN","VMY","VCO","VVI","VMA","KLA","GMI","GSH","8","NA","0",122,NA
"123","VAN","VMY","VCO","VVI","VMA","PJA","GMI","GSH","8","NA","0",123,NA
"124","VAN","VAN","VAN","VAN","VAN","VAN","VAN","VAN","1","MEB","1",124,NA
"125","GPR","GPR","GPR","GPR","GPR","GPR","GPR","GPR","1","MGR","1",125,NA
"126","CVU","CVU","CVU","CVU","CVU","CVU","CVU","CVU","1","JPK132","1",126,NA
"127","VMY","VMY","VMY","VMY","VMY","VMY","VMY","VMY","1","RHE","1",127,NA
"128","VCO","VCO","VCO","VCO","VCO","VCO","VCO","VCO","1","RER","1",128,NA
"129","VVI","VVI","VVI","VVI","VVI","VVI","VVI","VVI","1","MEV","1",129,NA
"130","VMA","VMA","VMA","VMA","VMA","VMA","VMA","VMA","1","OMA","1",130,NA
"131","PJA","PJA","PJA","PJA","PJA","PJA","PJA","PJA","1","MEB","1",131,NA
"132","KLA","KLA","KLA","KLA","KLA","KLA","KLA","KLA","1","MGR","1",132,NA
"133","GMI","GMI","GMI","GMI","GMI","GMI","GMI","GMI","1","JPK132","1",133,NA
"134","GSH","GSH","GSH","GSH","GSH","GSH","GSH","GSH","1","RHE","1",134,NA
"135","VAN","VAN","VAN","VAN","VAN","VAN","VAN","VAN","1","RER","1",135,NA
"136","GPR","GPR","GPR","GPR","GPR","GPR","GPR","GPR","1","MEV","1",136,NA
"137","CVU","CVU","CVU","CVU","CVU","CVU","CVU","CVU","1","OMA","1",137,NA
"138","VMY","VMY","VMY","VMY","VMY","VMY","VMY","VMY","1","MEB","1",138,NA
"139","VCO","VCO","VCO","VCO","VCO","VCO","VCO","VCO","1","MGR","1",139,NA
"140","VVI","VVI","VVI","VVI","VVI","VVI","VVI","VVI","1","JPK132","1",140,NA
"141","VMA","VMA","VMA","VMA","VMA","VMA","VMA","VMA","1","RHE","1",141,NA
"142","PJA","PJA","PJA","PJA","PJA","PJA","PJA","PJA","1","RER","1",142,NA
"143","KLA","KLA","KLA","KLA","KLA","KLA","KLA","KLA","1","MEV","1",143,NA
"144","GMI","GMI","GMI","GMI","GMI","GMI","GMI","GMI","1","OMA","1",144,NA
"145","GSH","GSH","GSH","GSH","GSH","GSH","GSH","GSH","1","MEB","1",145,NA
"146","VAN","VAN","VAN","VAN","VAN","VAN","VAN","VAN","1","MGR","1",146,NA
"147","GPR","GPR","GPR","GPR","GPR","GPR","GPR","GPR","1","JPK132","1",147,NA
"148","CVU","CVU","CVU","CVU","CVU","CVU","CVU","CVU","1","RHE","1",148,NA
"149","VMY","VMY","VMY","VMY","VMY","VMY","VMY","VMY","1","RER","1",149,NA
"150","VCO","VCO","VCO","VCO","VCO","VCO","VCO","VCO","1","MEV","1",150,NA
"151","VVI","VVI","VVI","VVI","VVI","VVI","VVI","VVI","1","OMA","1",151,NA
"152","VMA","VMA","VMA","VMA","VMA","VMA","VMA","VMA","1","OMA","1",152,NA
"153","PJA","PJA","PJA","PJA","PJA","PJA","PJA","PJA","1","MEV","1",153,NA
"154","KLA","KLA","KLA","KLA","KLA","KLA","KLA","KLA","1","RER","1",154,NA
"155","GMI","GMI","GMI","GMI","GMI","GMI","GMI","GMI","1","JPK132","1",155,NA
"156","GSH","GSH","GSH","GSH","GSH","GSH","GSH","GSH","1","MEB","1",156,NA
"157","VAN","VMY","VAN","VMY","VAN","VMY","VAN","VMY","2","MEB","1",157,NA
"158","GPR","VCO","GPR","VCO","GPR","VCO","GPR","VCO","2","MGR","1",158,NA
"159","GPR","VVI","GPR","VVI","GPR","VVI","GPR","VVI","2","JPK132","1",159,NA
"160","GPR","VMA","GPR","VMA","GPR","VMA","GPR","VMA","2","RHE","1",160,NA
"161","VAN","KLA","VAN","KLA","VAN","KLA","VAN","KLA","2","RER","1",161,NA
"162","GPR","GMI","GPR","GMI","GPR","GMI","GPR","GMI","2","MEV","1",162,NA
"163","VAN","GSH","VAN","GSH","VAN","GSH","VAN","GSH","2","OMA","1",163,NA
"164","VMY","VCO","VMY","VCO","VMY","VCO","VMY","VCO","2","MEB","1",164,NA
"165","CVU","VVI","CVU","VVI","CVU","VVI","CVU","VVI","2","MGR","1",165,NA
"166","VMY","VMA","VMY","VMA","VMY","VMA","VMY","VMA","2","JPK132","1",166,NA
"167","VMY","KLA","VMY","KLA","VMY","KLA","VMY","KLA","2","RHE","1",167,NA
"168","CVU","GMI","CVU","GMI","CVU","GMI","CVU","GMI","2","RER","1",168,NA
"169","CVU","GSH","CVU","GSH","CVU","GSH","CVU","GSH","2","MEV","1",169,NA
"170","VCO","VVI","VCO","VVI","VCO","VVI","VCO","VVI","2","OMA","1",170,NA
"171","VCO","VMA","VCO","VMA","VCO","VMA","VCO","VMA","2","MEB","1",171,NA
"172","VCO","KLA","VCO","KLA","VCO","KLA","VCO","KLA","2","MGR","1",172,NA
"173","VCO","GMI","VCO","GMI","VCO","GMI","VCO","GMI","2","JPK132","1",173,NA
"174","VCO","GSH","VCO","GSH","VCO","GSH","VCO","GSH","2","RHE","1",174,NA
"175","VVI","VMA","VVI","VMA","VVI","VMA","VVI","VMA","2","RER","1",175,NA
"176","VVI","PJA","VVI","PJA","VVI","PJA","VVI","PJA","2","MEV","1",176,NA
"177","VVI","GMI","VVI","GMI","VVI","GMI","VVI","GMI","2","OMA","1",177,NA
"178","VVI","GSH","VVI","GSH","VVI","GSH","VVI","GSH","2","MEB","1",178,NA
"179","VMA","PJA","VMA","PJA","VMA","PJA","VMA","PJA","2","MGR","1",179,NA
"180","VMA","GMI","VMA","GMI","VMA","GMI","VMA","GMI","2","JPK132","1",180,NA
"181","VMA","GSH","VMA","GSH","VMA","GSH","VMA","GSH","2","RHE","1",181,NA
"182","KLA","GMI","KLA","GMI","KLA","GMI","KLA","GMI","2","RER","1",182,NA
"183","PJA","GSH","PJA","GSH","PJA","GSH","PJA","GSH","2","MEV","1",183,NA
"184","GMI","GSH","GMI","GSH","GMI","GSH","GMI","GSH","2","OMA","1",184,NA
"185","VMA","GMI","VMA","GMI","VMA","GMI","VMA","GMI","2","RHE","1",185,NA
"186","VVI","VMA","VVI","VMA","VVI","VMA","VVI","VMA","2","OMA","1",186,NA
"187","VCO","VMA","PJA","GMI","VCO","VMA","PJA","GMI","4","MEB","1",187,NA
"188","VAN","VCO","VVI","PJA","VAN","VCO","VVI","PJA","4","MGR","1",188,NA
"189","GPR","VMY","VMA","GSH","GPR","VMY","VMA","GSH","4","JPK132","1",189,NA
"190","CVU","VCO","PJA","GMI","CVU","VCO","PJA","GMI","4","RHE","1",190,NA
"191","VAN","VCO","VMA","GSH","VAN","VCO","VMA","GSH","4","RER","1",191,NA
"192","CVU","VCO","VVI","KLA","CVU","VCO","VVI","KLA","4","MEV","1",192,NA
"193","GPR","VMA","KLA","GSH","GPR","VMA","KLA","GSH","4","OMA","1",193,NA
"194","CVU","KLA","GMI","GSH","CVU","KLA","GMI","GSH","4","MEB","1",194,NA
"195","VMA","KLA","GMI","GSH","VMA","KLA","GMI","GSH","4","MGR","1",195,NA
"196","VCO","VVI","GMI","GSH","VCO","VVI","GMI","GSH","4","JPK132","1",196,NA
"197","VAN","VVI","VMA","GMI","VAN","VVI","VMA","GMI","4","RHE","1",197,NA
"198","VVI","VMA","KLA","GSH","VVI","VMA","KLA","GSH","4","RER","1",198,NA
"199","VMY","VCO","VVI","GSH","VMY","VCO","VVI","GSH","4","MEV","1",199,NA
"200","CVU","VCO","VMA","GMI","CVU","VCO","VMA","GMI","4","OMA","1",200,NA
"201","GPR","VMY","VVI","VMA","GPR","VMY","VVI","VMA","4","MEB","1",201,NA
"202","VMY","VMA","KLA","GSH","VMY","VMA","KLA","GSH","4","MGR","1",202,NA
"203","VAN","VCO","KLA","GSH","VAN","VCO","KLA","GSH","4","JPK132","1",203,NA
"204","GPR","VMY","GMI","GSH","GPR","VMY","GMI","GSH","4","RHE","1",204,NA
"205","VAN","VCO","VVI","VMA","VAN","VCO","VVI","VMA","4","RER","1",205,NA
"206","VMY","VCO","VMA","KLA","VMY","VCO","VMA","KLA","4","MEV","1",206,NA
"207","VVI","KLA","GMI","GSH","VVI","KLA","GMI","GSH","4","OMA","1",207,NA
"208","VCO","VVI","VMA","GSH","VCO","VVI","VMA","GSH","4","MEB","1",208,NA
"209","VCO","VVI","VMA","PJA","VCO","VVI","VMA","PJA","4","MGR","1",209,NA
"210","GPR","VMY","VCO","KLA","GPR","VMY","VCO","KLA","4","JPK132","1",210,NA
"211","GPR","VMY","VMA","GMI","GPR","VMY","VMA","GMI","4","RHE","1",211,NA
"212","CVU","VCO","VVI","GMI","CVU","VCO","VVI","GMI","4","RER","1",212,NA
"213","VCO","KLA","GMI","GSH","VCO","KLA","GMI","GSH","4","MEV","1",213,NA
"214","CVU","VMA","GMI","GSH","CVU","VMA","GMI","GSH","4","OMA","1",214,NA
"215","VCO","VMA","GMI","GSH","VCO","VMA","GMI","GSH","4","RER","1",215,NA
"216","VVI","VMA","GMI","GSH","VVI","VMA","GMI","GSH","4","MEB","1",216,NA
"217","VAN","VMY","VCO","VVI","VMA","KLA","GMI","GSH","8","MEB","1",217,NA
"218","VAN","CVU","VCO","VVI","VMA","KLA","GMI","GSH","8","MGR","1",218,NA
"219","VAN","CVU","VCO","VVI","VMA","PJA","GMI","GSH","8","JPK132","1",219,NA
"220","VAN","CVU","VCO","VVI","VMA","KLA","GMI","GSH","8","RHE","1",220,NA
"221","GPR","CVU","VCO","VVI","VMA","PJA","GMI","GSH","8","RER","1",221,NA
"222","VAN","VMY","VCO","VVI","VMA","KLA","GMI","GSH","8","MEV","1",222,NA
"223","GPR","CVU","VCO","VVI","VMA","KLA","GMI","GSH","8","OMA","1",223,NA
"224","VAN","CVU","VCO","VVI","VMA","KLA","GMI","GSH","8","MEB","1",224,NA
"225","GPR","VMY","VCO","VVI","VMA","KLA","GMI","GSH","8","MGR","1",225,NA
"226","GPR","CVU","VCO","VVI","VMA","KLA","GMI","GSH","8","JPK132","1",226,NA
"227","VAN","VMY","VCO","VVI","VMA","KLA","GMI","GSH","8","RHE","1",227,NA
"228","GPR","CVU","VCO","VVI","VMA","KLA","GMI","GSH","8","RER","1",228,NA
"229","GPR","VMY","VCO","VVI","VMA","KLA","GMI","GSH","8","MEV","1",229,NA
"230","GPR","VMY","VCO","VVI","VMA","KLA","GMI","GSH","8","OMA","1",230,NA
"231","VAN","VMY","VCO","VVI","VMA","PJA","GMI","GSH","8","MEB","1",231,NA
"232","GPR","CVU","VCO","VVI","VMA","KLA","GMI","GSH","8","MGR","1",232,NA
"233","GPR","CVU","VCO","VVI","VMA","KLA","GMI","GSH","8","JPK132","1",233,NA
"234","GPR","CVU","VCO","VVI","VMA","KLA","GMI","GSH","8","RHE","1",234,NA
"235","VAN","CVU","VCO","VVI","VMA","KLA","GMI","GSH","8","RER","1",235,NA
"236","GPR","CVU","VCO","VVI","VMA","KLA","GMI","GSH","8","MEV","1",236,NA
"237","GPR","VMY","VCO","VVI","VMA","KLA","GMI","GSH","8","OMA","1",237,NA
"238","VAN","CVU","VCO","VVI","VMA","KLA","GMI","GSH","8","MEB","1",238,NA
"239","GPR","CVU","VCO","VVI","VMA","KLA","GMI","GSH","8","MGR","1",239,NA
"240","VAN","CVU","VCO","VVI","VMA","PJA","GMI","GSH","8","JPK132","1",240,NA
"241","VAN","CVU","VCO","VVI","VMA","KLA","GMI","GSH","8","RHE","1",241,NA
"242","GPR","CVU","VCO","VVI","VMA","KLA","GMI","GSH","8","RER","1",242,NA
"243","VAN","VMY","VCO","VVI","VMA","KLA","GMI","GSH","8","MEV","1",243,NA
"244","GPR","VMY","VCO","VVI","VMA","KLA","GMI","GSH","8","OMA","1",244,NA
"245","VAN","VMY","VCO","VVI","VMA","PJA","GMI","GSH","8","JPK132","1",245,NA
"246","VAN","VMY","VCO","VVI","VMA","PJA","GMI","GSH","8","MGR","1",246,NA
"247","VAN","VAN","VAN","VAN","VAN","VAN","VAN","VAN","1","MEB_MGR","2",247,1
"248","GPR","GPR","GPR","GPR","GPR","GPR","GPR","GPR","1","MEB_JPK132","2",248,2
"249","CVU","CVU","CVU","CVU","CVU","CVU","CVU","CVU","1","MEB_RHE","2",249,3
"250","VMY","VMY","VMY","VMY","VMY","VMY","VMY","VMY","1","MEB_RER","2",250,4
"251","VCO","VCO","VCO","VCO","VCO","VCO","VCO","VCO","1","MEB_MEV","2",251,5
"252","VVI","VVI","VVI","VVI","VVI","VVI","VVI","VVI","1","MEB_OMA","2",252,6
"253","VMA","VMA","VMA","VMA","VMA","VMA","VMA","VMA","1","MGR_JPK132","2",253,7
"254","PJA","PJA","PJA","PJA","PJA","PJA","PJA","PJA","1","MGR_RHE","2",254,8
"255","KLA","KLA","KLA","KLA","KLA","KLA","KLA","KLA","1","MGR_RER","2",255,9
"256","GMI","GMI","GMI","GMI","GMI","GMI","GMI","GMI","1","MGR_MEV","2",256,10
"257","GSH","GSH","GSH","GSH","GSH","GSH","GSH","GSH","1","MGR_OMA","2",257,11
"258","VAN","VAN","VAN","VAN","VAN","VAN","VAN","VAN","1","JPK132_RHE","2",258,12
"259","GPR","GPR","GPR","GPR","GPR","GPR","GPR","GPR","1","JPK132_RER","2",259,13
"260","CVU","CVU","CVU","CVU","CVU","CVU","CVU","CVU","1","JPK132_MEV","2",260,14
"261","VMY","VMY","VMY","VMY","VMY","VMY","VMY","VMY","1","JPK132_OMA","2",261,15
"262","VCO","VCO","VCO","VCO","VCO","VCO","VCO","VCO","1","RHE_RER","2",262,16
"263","VVI","VVI","VVI","VVI","VVI","VVI","VVI","VVI","1","RHE_MEV","2",263,17
"264","VMA","VMA","VMA","VMA","VMA","VMA","VMA","VMA","1","RHE_OMA","2",264,18
"265","PJA","PJA","PJA","PJA","PJA","PJA","PJA","PJA","1","RER_MEV","2",265,19
"266","KLA","KLA","KLA","KLA","KLA","KLA","KLA","KLA","1","RER_OMA","2",266,20
"267","GMI","GMI","GMI","GMI","GMI","GMI","GMI","GMI","1","MEV_OMA","2",267,21
"268","GSH","GSH","GSH","GSH","GSH","GSH","GSH","GSH","1","JPK132_OMA","2",268,22
"269","VAN","VAN","VAN","VAN","VAN","VAN","VAN","VAN","1","MEB_OMA","2",269,23
"270","GPR","GPR","GPR","GPR","GPR","GPR","GPR","GPR","1","JPK132_RER","2",270,24
"271","CVU","CVU","CVU","CVU","CVU","CVU","CVU","CVU","1","MEB_MEV","2",271,25
"272","VMY","VMY","VMY","VMY","VMY","VMY","VMY","VMY","1","MEB_MGR","2",272,26
"273","VCO","VCO","VCO","VCO","VCO","VCO","VCO","VCO","1","MGR_RER","2",273,27
"274","VVI","VVI","VVI","VVI","VVI","VVI","VVI","VVI","1","MEV_OMA","2",274,28
"275","VMA","VMA","VMA","VMA","VMA","VMA","VMA","VMA","1","RHE_MEV","2",275,29
"276","PJA","PJA","PJA","PJA","PJA","PJA","PJA","PJA","1","MGR_OMA","2",276,30
"277","KLA","KLA","KLA","KLA","KLA","KLA","KLA","KLA","1","MEB_JPK132","2",277,31
"278","GMI","GMI","GMI","GMI","GMI","GMI","GMI","GMI","1","MEB_RHE","2",278,32
"279","GSH","GSH","GSH","GSH","GSH","GSH","GSH","GSH","1","RHE_OMA","2",279,33
"280","VAN","CVU","VAN","CVU","VAN","CVU","VAN","CVU","2","MEB_MGR","2",280,34
"281","VAN","VCO","VAN","VCO","VAN","VCO","VAN","VCO","2","MEB_JPK132","2",281,35
"282","VAN","VVI","VAN","VVI","VAN","VVI","VAN","VVI","2","MEB_RHE","2",282,36
"283","GPR","VMA","GPR","VMA","GPR","VMA","GPR","VMA","2","MEB_RER","2",283,37
"284","GPR","KLA","GPR","KLA","GPR","KLA","GPR","KLA","2","MEB_MEV","2",284,38
"285","GPR","GMI","GPR","GMI","GPR","GMI","GPR","GMI","2","MEB_OMA","2",285,39
"286","VAN","GSH","VAN","GSH","VAN","GSH","VAN","GSH","2","MGR_JPK132","2",286,40
"287","VMY","VCO","VMY","VCO","VMY","VCO","VMY","VCO","2","MGR_RHE","2",287,41
"288","VMY","VVI","VMY","VVI","VMY","VVI","VMY","VVI","2","MGR_RER","2",288,42
"289","CVU","VMA","CVU","VMA","CVU","VMA","CVU","VMA","2","MGR_MEV","2",289,43
"290","CVU","KLA","CVU","KLA","CVU","KLA","CVU","KLA","2","MGR_OMA","2",290,44
"291","VMY","GMI","VMY","GMI","VMY","GMI","VMY","GMI","2","JPK132_RHE","2",291,45
"292","VMY","GSH","VMY","GSH","VMY","GSH","VMY","GSH","2","JPK132_RER","2",292,46
"293","VCO","VVI","VCO","VVI","VCO","VVI","VCO","VVI","2","JPK132_MEV","2",293,47
"294","VCO","VMA","VCO","VMA","VCO","VMA","VCO","VMA","2","JPK132_OMA","2",294,48
"295","VCO","PJA","VCO","PJA","VCO","PJA","VCO","PJA","2","RHE_RER","2",295,49
"296","VCO","GMI","VCO","GMI","VCO","GMI","VCO","GMI","2","RHE_MEV","2",296,50
"297","VCO","GSH","VCO","GSH","VCO","GSH","VCO","GSH","2","RHE_OMA","2",297,51
"298","VVI","VMA","VVI","VMA","VVI","VMA","VVI","VMA","2","RER_MEV","2",298,52
"299","VVI","PJA","VVI","PJA","VVI","PJA","VVI","PJA","2","RER_OMA","2",299,53
"300","VVI","GMI","VVI","GMI","VVI","GMI","VVI","GMI","2","MEV_OMA","2",300,54
"301","VVI","GSH","VVI","GSH","VVI","GSH","VVI","GSH","2","JPK132_OMA","2",301,55
"302","VMA","KLA","VMA","KLA","VMA","KLA","VMA","KLA","2","RHE_RER","2",302,56
"303","VMA","GMI","VMA","GMI","VMA","GMI","VMA","GMI","2","JPK132_RER","2",303,57
"304","VMA","GSH","VMA","GSH","VMA","GSH","VMA","GSH","2","MEV_OMA","2",304,58
"305","KLA","GMI","KLA","GMI","KLA","GMI","KLA","GMI","2","JPK132_RHE","2",305,59
"306","PJA","GSH","PJA","GSH","PJA","GSH","PJA","GSH","2","MEB_RER","2",306,60
"307","GMI","GSH","GMI","GSH","GMI","GSH","GMI","GSH","2","MGR_RER","2",307,61
"308","GPR","GMI","GPR","GMI","GPR","GMI","GPR","GMI","2","MEB_OMA","2",308,62
"309","VAN","VMY","VAN","VMY","VAN","VMY","VAN","VMY","2","MGR_MEV","2",309,63
"310","CVU","VMA","KLA","GSH","CVU","VMA","KLA","GSH","4","MEB_MGR","2",310,64
"311","VMY","VVI","VMA","KLA","VMY","VVI","VMA","KLA","4","MEB_JPK132","2",311,65
"312","VAN","VCO","VVI","PJA","VAN","VCO","VVI","PJA","4","MEB_RHE","2",312,66
"313","GPR","CVU","VCO","KLA","GPR","CVU","VCO","KLA","4","MEB_RER","2",313,67
"314","CVU","VCO","VVI","KLA","CVU","VCO","VVI","KLA","4","MEB_MEV","2",314,68
"315","GPR","VVI","GMI","GSH","GPR","VVI","GMI","GSH","4","MEB_OMA","2",315,69
"316","VMA","KLA","GMI","GSH","VMA","KLA","GMI","GSH","4","MGR_JPK132","2",316,70
"317","CVU","VCO","VVI","GMI","CVU","VCO","VVI","GMI","4","MGR_RHE","2",317,71
"318","GPR","CVU","VVI","GSH","GPR","CVU","VVI","GSH","4","MGR_RER","2",318,72
"319","CVU","VVI","KLA","GMI","CVU","VVI","KLA","GMI","4","MGR_MEV","2",319,73
"320","GPR","VMY","KLA","GSH","GPR","VMY","KLA","GSH","4","MGR_OMA","2",320,74
"321","VCO","VVI","VMA","GSH","VCO","VVI","VMA","GSH","4","JPK132_RHE","2",321,75
"322","VAN","VCO","VMA","PJA","VAN","VCO","VMA","PJA","4","JPK132_RER","2",322,76
"323","VCO","VVI","KLA","GMI","VCO","VVI","KLA","GMI","4","JPK132_MEV","2",323,77
"324","VMY","VCO","VVI","VMA","VMY","VCO","VVI","VMA","4","JPK132_OMA","2",324,78
"325","VCO","VMA","KLA","GSH","VCO","VMA","KLA","GSH","4","RHE_RER","2",325,79
"326","VAN","VMA","PJA","GMI","VAN","VMA","PJA","GMI","4","RHE_MEV","2",326,80
"327","VAN","PJA","GMI","GSH","VAN","PJA","GMI","GSH","4","RHE_OMA","2",327,81
"328","GPR","VCO","VVI","GMI","GPR","VCO","VVI","GMI","4","RER_MEV","2",328,82
"329","GPR","VCO","VVI","GSH","GPR","VCO","VVI","GSH","4","RER_OMA","2",329,83
"330","CVU","VVI","GMI","GSH","CVU","VVI","GMI","GSH","4","MEV_OMA","2",330,84
"331","VCO","VVI","GMI","GSH","VCO","VVI","GMI","GSH","4","MGR_JPK132","2",331,85
"332","VMY","VMA","KLA","GMI","VMY","VMA","KLA","GMI","4","MEB_OMA","2",332,86
"333","GPR","VCO","VMA","GMI","GPR","VCO","VMA","GMI","4","MEB_RHE","2",333,87
"334","CVU","VCO","KLA","GMI","CVU","VCO","KLA","GMI","4","MGR_OMA","2",334,88
"335","VAN","CVU","VCO","VMA","VAN","CVU","VCO","VMA","4","RER_OMA","2",335,89
"336","VVI","VMA","KLA","GMI","VVI","VMA","KLA","GMI","4","MGR_RHE","2",336,90
"337","VAN","VMA","GMI","GSH","VAN","VMA","GMI","GSH","4","MEB_MEV","2",337,91
"338","GPR","VVI","VMA","KLA","GPR","VVI","VMA","KLA","4","RHE_RER","2",338,92
"339","VAN","CVU","VMA","GSH","VAN","CVU","VMA","GSH","4","MEB_MGR","2",339,93
"340","VAN","VMY","VCO","VVI","VMA","PJA","GMI","GSH","8","MEB_MGR","2",340,94
"341","GPR","CVU","VCO","VVI","VMA","KLA","GMI","GSH","8","MEB_JPK132","2",341,95
"342","VAN","VMY","VCO","VVI","VMA","KLA","GMI","GSH","8","MEB_RHE","2",342,96
"343","VAN","CVU","VCO","VVI","VMA","PJA","GMI","GSH","8","MEB_RER","2",343,97
"344","GPR","VMY","VCO","VVI","VMA","KLA","GMI","GSH","8","MEB_MEV","2",344,98
"345","VAN","VMY","VCO","VVI","VMA","KLA","GMI","GSH","8","MEB_OMA","2",345,99
"346","VAN","VMY","VCO","VVI","VMA","PJA","GMI","GSH","8","MGR_JPK132","2",346,100
"347","GPR","CVU","VCO","VVI","VMA","KLA","GMI","GSH","8","MGR_RHE","2",347,101
"348","GPR","CVU","VCO","VVI","VMA","PJA","GMI","GSH","8","MGR_RER","2",348,102
"349","VAN","VMY","VCO","VVI","VMA","PJA","GMI","GSH","8","MGR_MEV","2",349,103
"350","GPR","VMY","VCO","VVI","VMA","KLA","GMI","GSH","8","MGR_OMA","2",350,104
"351","VAN","CVU","VCO","VVI","VMA","KLA","GMI","GSH","8","JPK132_RHE","2",351,105
"352","VAN","VMY","VCO","VVI","VMA","KLA","GMI","GSH","8","JPK132_RER","2",352,106
"353","VAN","VMY","VCO","VVI","VMA","KLA","GMI","GSH","8","JPK132_MEV","2",353,107
"354","GPR","CVU","VCO","VVI","VMA","PJA","GMI","GSH","8","JPK132_OMA","2",354,108
"355","VAN","CVU","VCO","VVI","VMA","KLA","GMI","GSH","8","RHE_RER","2",355,109
"356","GPR","VMY","VCO","VVI","VMA","KLA","GMI","GSH","8","RHE_MEV","2",356,110
"357","GPR","CVU","VCO","VVI","VMA","KLA","GMI","GSH","8","RHE_OMA","2",357,111
"358","VAN","CVU","VCO","VVI","VMA","PJA","GMI","GSH","8","RER_MEV","2",358,112
"359","GPR","VMY","VCO","VVI","VMA","PJA","GMI","GSH","8","RER_OMA","2",359,113
"360","GPR","VMY","VCO","VVI","VMA","KLA","GMI","GSH","8","MEV_OMA","2",360,114
"361","GPR","VMY","VCO","VVI","VMA","PJA","GMI","GSH","8","MEB_MEV","2",361,115
"362","VAN","VMY","VCO","VVI","VMA","PJA","GMI","GSH","8","MEB_JPK132","2",362,116
"363","GPR","CVU","VCO","VVI","VMA","KLA","GMI","GSH","8","JPK132_RHE","2",363,117
"364","VAN","CVU","VCO","VVI","VMA","KLA","GMI","GSH","8","RER_MEV","2",364,118
"365","VAN","CVU","VCO","VVI","VMA","PJA","GMI","GSH","8","MGR_MEV","2",365,119
"366","VAN","CVU","VCO","VVI","VMA","KLA","GMI","GSH","8","JPK132_OMA","2",366,120
"367","VAN","CVU","VCO","VVI","VMA","KLA","GMI","GSH","8","RHE_OMA","2",367,121
"368","VAN","VMY","VCO","VVI","VMA","KLA","GMI","GSH","8","MGR_OMA","2",368,122
"369","GPR","CVU","VCO","VVI","VMA","KLA","GMI","GSH","8","RHE_RER","2",369,123
"370","VAN","VAN","VAN","VAN","VAN","VAN","VAN","VAN","1","MGR_RHE_RER_OMA","4",370,124
"371","GPR","GPR","GPR","GPR","GPR","GPR","GPR","GPR","1","MGR_JPK132_RHE_RER","4",371,125
"372","CVU","CVU","CVU","CVU","CVU","CVU","CVU","CVU","1","MGR_RER_MEV_OMA","4",372,126
"373","VMY","VMY","VMY","VMY","VMY","VMY","VMY","VMY","1","MEB_JPK132_RER_OMA","4",373,127
"374","VCO","VCO","VCO","VCO","VCO","VCO","VCO","VCO","1","MEB_RHE_RER_MEV","4",374,128
"375","VVI","VVI","VVI","VVI","VVI","VVI","VVI","VVI","1","RHE_RER_MEV_OMA","4",375,129
"376","VMA","VMA","VMA","VMA","VMA","VMA","VMA","VMA","1","MEB_RHE_RER_OMA","4",376,130
"377","PJA","PJA","PJA","PJA","PJA","PJA","PJA","PJA","1","JPK132_RER_MEV_OMA","4",377,131
"378","KLA","KLA","KLA","KLA","KLA","KLA","KLA","KLA","1","JPK132_RHE_RER_OMA","4",378,132
"379","GMI","GMI","GMI","GMI","GMI","GMI","GMI","GMI","1","MGR_JPK132_RHE_MEV","4",379,133
"380","GSH","GSH","GSH","GSH","GSH","GSH","GSH","GSH","1","MEB_MGR_RHE_RER","4",380,134
"381","VAN","VAN","VAN","VAN","VAN","VAN","VAN","VAN","1","MGR_RHE_MEV_OMA","4",381,135
"382","GPR","GPR","GPR","GPR","GPR","GPR","GPR","GPR","1","MGR_JPK132_RER_OMA","4",382,136
"383","CVU","CVU","CVU","CVU","CVU","CVU","CVU","CVU","1","MEB_RHE_MEV_OMA","4",383,137
"384","VMY","VMY","VMY","VMY","VMY","VMY","VMY","VMY","1","MGR_JPK132_RER_MEV","4",384,138
"385","VCO","VCO","VCO","VCO","VCO","VCO","VCO","VCO","1","MGR_RHE_RER_MEV","4",385,139
"386","VVI","VVI","VVI","VVI","VVI","VVI","VVI","VVI","1","MEB_MGR_JPK132_RHE","4",386,140
"387","VMA","VMA","VMA","VMA","VMA","VMA","VMA","VMA","1","MEB_JPK132_RHE_OMA","4",387,141
"388","PJA","PJA","PJA","PJA","PJA","PJA","PJA","PJA","1","MEB_JPK132_RHE_RER","4",388,142
"389","KLA","KLA","KLA","KLA","KLA","KLA","KLA","KLA","1","MGR_JPK132_MEV_OMA","4",389,143
"390","GMI","GMI","GMI","GMI","GMI","GMI","GMI","GMI","1","MEB_MGR_MEV_OMA","4",390,144
"391","GSH","GSH","GSH","GSH","GSH","GSH","GSH","GSH","1","MEB_RER_MEV_OMA","4",391,145
"392","VAN","VAN","VAN","VAN","VAN","VAN","VAN","VAN","1","JPK132_RHE_MEV_OMA","4",392,146
"393","GPR","GPR","GPR","GPR","GPR","GPR","GPR","GPR","1","MEB_JPK132_RER_MEV","4",393,147
"394","CVU","CVU","CVU","CVU","CVU","CVU","CVU","CVU","1","MGR_JPK132_RHE_OMA","4",394,148
"395","VMY","VMY","VMY","VMY","VMY","VMY","VMY","VMY","1","MEB_MGR_JPK132_MEV","4",395,149
"396","VCO","VCO","VCO","VCO","VCO","VCO","VCO","VCO","1","JPK132_RHE_RER_MEV","4",396,150
"397","VVI","VVI","VVI","VVI","VVI","VVI","VVI","VVI","1","MEB_MGR_JPK132_OMA","4",397,151
"398","VMA","VMA","VMA","VMA","VMA","VMA","VMA","VMA","1","MEB_MGR_RHE_OMA","4",398,152
"399","PJA","PJA","PJA","PJA","PJA","PJA","PJA","PJA","1","MEB_MGR_RHE_MEV","4",399,153
"400","KLA","KLA","KLA","KLA","KLA","KLA","KLA","KLA","1","MEB_MGR_JPK132_RER","4",400,154
"401","GMI","GMI","GMI","GMI","GMI","GMI","GMI","GMI","1","MEB_JPK132_RHE_MEV","4",401,155
"402","GSH","GSH","GSH","GSH","GSH","GSH","GSH","GSH","1","MEB_MGR_RER_OMA","4",402,156
"403","VAN","VMY","VAN","VMY","VAN","VMY","VAN","VMY","2","MEB_JPK132_RHE_OMA","4",403,157
"404","GPR","VCO","GPR","VCO","GPR","VCO","GPR","VCO","2","MGR_RHE_RER_OMA","4",404,158
"405","GPR","VVI","GPR","VVI","GPR","VVI","GPR","VVI","2","MEB_MGR_RHE_RER","4",405,159
"406","VAN","VMA","VAN","VMA","VAN","VMA","VAN","VMA","2","JPK132_RHE_RER_OMA","4",406,160
"407","VAN","KLA","VAN","KLA","VAN","KLA","VAN","KLA","2","MEB_RHE_MEV_OMA","4",407,161
"408","GPR","GMI","GPR","GMI","GPR","GMI","GPR","GMI","2","MEB_MGR_JPK132_RHE","4",408,162
"409","GPR","GSH","GPR","GSH","GPR","GSH","GPR","GSH","2","MEB_MGR_RER_OMA","4",409,163
"410","CVU","VCO","CVU","VCO","CVU","VCO","CVU","VCO","2","MEB_JPK132_RER_OMA","4",410,164
"411","VMY","VVI","VMY","VVI","VMY","VVI","VMY","VVI","2","MGR_RER_MEV_OMA","4",411,165
"412","CVU","VMA","CVU","VMA","CVU","VMA","CVU","VMA","2","MEB_JPK132_RHE_RER","4",412,166
"413","VMY","PJA","VMY","PJA","VMY","PJA","VMY","PJA","2","MEB_MGR_JPK132_RER","4",413,167
"414","VMY","GMI","VMY","GMI","VMY","GMI","VMY","GMI","2","MEB_MGR_JPK132_MEV","4",414,168
"415","VMY","GSH","VMY","GSH","VMY","GSH","VMY","GSH","2","JPK132_RHE_MEV_OMA","4",415,169
"416","VCO","VVI","VCO","VVI","VCO","VVI","VCO","VVI","2","MEB_RHE_RER_OMA","4",416,170
"417","VCO","VMA","VCO","VMA","VCO","VMA","VCO","VMA","2","MGR_JPK132_MEV_OMA","4",417,171
"418","VCO","KLA","VCO","KLA","VCO","KLA","VCO","KLA","2","MEB_JPK132_MEV_OMA","4",418,172
"419","VCO","GMI","VCO","GMI","VCO","GMI","VCO","GMI","2","MEB_RHE_RER_MEV","4",419,173
"420","VCO","GSH","VCO","GSH","VCO","GSH","VCO","GSH","2","MGR_JPK132_RER_MEV","4",420,174
"421","VVI","VMA","VVI","VMA","VVI","VMA","VVI","VMA","2","JPK132_RER_MEV_OMA","4",421,175
"422","VVI","KLA","VVI","KLA","VVI","KLA","VVI","KLA","2","MGR_RHE_RER_MEV","4",422,176
"423","VVI","GMI","VVI","GMI","VVI","GMI","VVI","GMI","2","MEB_JPK132_RHE_MEV","4",423,177
"424","VVI","GSH","VVI","GSH","VVI","GSH","VVI","GSH","2","MGR_JPK132_RER_OMA","4",424,178
"425","VMA","PJA","VMA","PJA","VMA","PJA","VMA","PJA","2","MGR_JPK132_RHE_OMA","4",425,179
"426","VMA","GMI","VMA","GMI","VMA","GMI","VMA","GMI","2","MEB_MGR_RHE_MEV","4",426,180
"427","VMA","GSH","VMA","GSH","VMA","GSH","VMA","GSH","2","RHE_RER_MEV_OMA","4",427,181
"428","KLA","GMI","KLA","GMI","KLA","GMI","KLA","GMI","2","MEB_JPK132_RER_MEV","4",428,182
"429","KLA","GSH","KLA","GSH","KLA","GSH","KLA","GSH","2","MGR_JPK132_RHE_RER","4",429,183
"430","GMI","GSH","GMI","GSH","GMI","GSH","GMI","GSH","2","MGR_JPK132_RHE_MEV","4",430,184
"431","VMY","VCO","VMY","VCO","VMY","VCO","VMY","VCO","2","MEB_MGR_MEV_OMA","4",431,185
"432","GMI","GSH","GMI","GSH","GMI","GSH","GMI","GSH","2","MGR_RHE_MEV_OMA","4",432,186
"433","VVI","VMA","KLA","GSH","VVI","VMA","KLA","GSH","4","MEB_JPK132_RHE_MEV","4",433,187
"434","GPR","VCO","VMA","KLA","GPR","VCO","VMA","KLA","4","MGR_JPK132_RER_MEV","4",434,188
"435","VCO","VMA","GMI","GSH","VCO","VMA","GMI","GSH","4","MGR_JPK132_RHE_OMA","4",435,189
"436","GPR","VMY","VCO","GMI","GPR","VMY","VCO","GMI","4","MEB_MGR_JPK132_MEV","4",436,190
"437","CVU","VCO","PJA","GMI","CVU","VCO","PJA","GMI","4","MEB_RER_MEV_OMA","4",437,191
"438","VMY","VVI","PJA","GSH","VMY","VVI","PJA","GSH","4","JPK132_RHE_MEV_OMA","4",438,192
"439","GPR","PJA","GMI","GSH","GPR","PJA","GMI","GSH","4","MEB_MGR_RHE_OMA","4",439,193
"440","CVU","PJA","GMI","GSH","CVU","PJA","GMI","GSH","4","MEB_JPK132_RER_MEV","4",440,194
"441","VMY","VCO","VMA","GSH","VMY","VCO","VMA","GSH","4","MGR_JPK132_RHE_MEV","4",441,195
"442","VVI","VMA","KLA","GMI","VVI","VMA","KLA","GMI","4","RHE_RER_MEV_OMA","4",442,196
"443","GPR","CVU","VCO","GSH","GPR","CVU","VCO","GSH","4","MGR_RHE_RER_OMA","4",443,197
"444","VMY","VVI","GMI","GSH","VMY","VVI","GMI","GSH","4","MEB_RHE_RER_OMA","4",444,198
"445","VMA","PJA","GMI","GSH","VMA","PJA","GMI","GSH","4","JPK132_RER_MEV_OMA","4",445,199
"446","VCO","VVI","VMA","GMI","VCO","VVI","VMA","GMI","4","MEB_MGR_MEV_OMA","4",446,200
"447","VCO","VVI","PJA","GMI","VCO","VVI","PJA","GMI","4","MEB_RHE_MEV_OMA","4",447,201
"448","VAN","VMY","PJA","GSH","VAN","VMY","PJA","GSH","4","MGR_RER_MEV_OMA","4",448,202
"449","VCO","VVI","KLA","GSH","VCO","VVI","KLA","GSH","4","MGR_JPK132_RHE_RER","4",449,203
"450","VCO","VVI","VMA","KLA","VCO","VVI","VMA","KLA","4","MGR_JPK132_RER_OMA","4",450,204
"451","GPR","VCO","GMI","GSH","GPR","VCO","GMI","GSH","4","MEB_MGR_JPK132_RHE","4",451,205
"452","VCO","VMA","KLA","GSH","VCO","VMA","KLA","GSH","4","MEB_JPK132_MEV_OMA","4",452,206
"453","GPR","VVI","VMA","GSH","GPR","VVI","VMA","GSH","4","MEB_MGR_RER_OMA","4",453,207
"454","VVI","VMA","GMI","GSH","VVI","VMA","GMI","GSH","4","MGR_RHE_MEV_OMA","4",454,208
"455","VAN","VMY","VMA","GSH","VAN","VMY","VMA","GSH","4","MEB_MGR_RHE_MEV","4",455,209
"456","VMY","VVI","KLA","GMI","VMY","VVI","KLA","GMI","4","MEB_MGR_JPK132_RER","4",456,210
"457","CVU","VCO","GMI","GSH","CVU","VCO","GMI","GSH","4","MEB_JPK132_RHE_RER","4",457,211
"458","CVU","VCO","VVI","VMA","CVU","VCO","VVI","VMA","4","MEB_MGR_JPK132_OMA","4",458,212
"459","VAN","VMY","VMA","KLA","VAN","VMY","VMA","KLA","4","MGR_RHE_RER_MEV","4",459,213
"460","VAN","VMY","VVI","GSH","VAN","VMY","VVI","GSH","4","MEB_RHE_RER_MEV","4",460,214
"461","VCO","KLA","GMI","GSH","VCO","KLA","GMI","GSH","4","JPK132_RHE_RER_OMA","4",461,215
"462","VAN","CVU","VVI","KLA","VAN","CVU","VVI","KLA","4","JPK132_RHE_RER_MEV","4",462,216
"463","GPR","CVU","VCO","VVI","VMA","PJA","GMI","GSH","8","MEB_JPK132_RER_OMA","4",463,217
"464","VAN","CVU","VCO","VVI","VMA","KLA","GMI","GSH","8","JPK132_RER_MEV_OMA","4",464,218
"465","VAN","CVU","VCO","VVI","VMA","KLA","GMI","GSH","8","MGR_JPK132_MEV_OMA","4",465,219
"466","VAN","CVU","VCO","VVI","VMA","KLA","GMI","GSH","8","MGR_JPK132_RER_MEV","4",466,220
"467","VAN","VMY","VCO","VVI","VMA","PJA","GMI","GSH","8","MEB_MGR_RHE_RER","4",467,221
"468","GPR","VMY","VCO","VVI","VMA","KLA","GMI","GSH","8","MEB_RHE_RER_MEV","4",468,222
"469","VAN","CVU","VCO","VVI","VMA","PJA","GMI","GSH","8","MGR_JPK132_RER_OMA","4",469,223
"470","GPR","CVU","VCO","VVI","VMA","KLA","GMI","GSH","8","JPK132_RHE_RER_OMA","4",470,224
"471","VAN","VMY","VCO","VVI","VMA","KLA","GMI","GSH","8","MEB_JPK132_RER_MEV","4",471,225
"472","GPR","CVU","VCO","VVI","VMA","KLA","GMI","GSH","8","MGR_JPK132_RHE_MEV","4",472,226
"473","GPR","CVU","VCO","VVI","VMA","PJA","GMI","GSH","8","MGR_RHE_MEV_OMA","4",473,227
"474","GPR","VMY","VCO","VVI","VMA","KLA","GMI","GSH","8","JPK132_RHE_MEV_OMA","4",474,228
"475","GPR","CVU","VCO","VVI","VMA","KLA","GMI","GSH","8","MEB_MGR_RER_MEV","4",475,229
"476","VAN","VMY","VCO","VVI","VMA","PJA","GMI","GSH","8","MEB_MGR_JPK132_OMA","4",476,230
"477","VAN","CVU","VCO","VVI","VMA","KLA","GMI","GSH","8","MGR_JPK132_RHE_OMA","4",477,231
"478","GPR","VMY","VCO","VVI","VMA","KLA","GMI","GSH","8","JPK132_RHE_RER_MEV","4",478,232
"479","VAN","CVU","VCO","VVI","VMA","PJA","GMI","GSH","8","MEB_MGR_JPK132_MEV","4",479,233
"480","GPR","CVU","VCO","VVI","VMA","KLA","GMI","GSH","8","RHE_RER_MEV_OMA","4",480,234
"481","VAN","CVU","VCO","VVI","VMA","KLA","GMI","GSH","8","MEB_MGR_JPK132_RER","4",481,235
"482","GPR","VMY","VCO","VVI","VMA","KLA","GMI","GSH","8","MEB_MGR_RHE_MEV","4",482,236
"483","VAN","VMY","VCO","VVI","VMA","KLA","GMI","GSH","8","MGR_JPK132_RHE_RER","4",483,237
"484","VAN","CVU","VCO","VVI","VMA","KLA","GMI","GSH","8","MGR_RER_MEV_OMA","4",484,238
"485","GPR","VMY","VCO","VVI","VMA","PJA","GMI","GSH","8","MEB_RHE_MEV_OMA","4",485,239
"486","GPR","VMY","VCO","VVI","VMA","PJA","GMI","GSH","8","MGR_RHE_RER_OMA","4",486,240
"487","GPR","VMY","VCO","VVI","VMA","KLA","GMI","GSH","8","MEB_MGR_RER_OMA","4",487,241
"488","VAN","CVU","VCO","VVI","VMA","PJA","GMI","GSH","8","MEB_MGR_RHE_OMA","4",488,242
"489","VAN","VMY","VCO","VVI","VMA","PJA","GMI","GSH","8","MEB_JPK132_RHE_RER","4",489,243
"490","GPR","CVU","VCO","VVI","VMA","KLA","GMI","GSH","8","MEB_JPK132_RHE_OMA","4",490,244
"491","VAN","VMY","VCO","VVI","VMA","KLA","GMI","GSH","8","MEB_JPK132_MEV_OMA","4",491,245
"492","VAN","VMY","VCO","VVI","VMA","KLA","GMI","GSH","8","MEB_MGR_MEV_OMA","4",492,246
"493","VAN","VAN","VAN","VAN","VAN","VAN","VAN","VAN","1","MEB_MGR_JPK132_RHE_RER_MEV_OMA","7",493,247
"494","GPR","GPR","GPR","GPR","GPR","GPR","GPR","GPR","1","MEB_MGR_JPK132_RHE_RER_MEV_OMA","7",494,248
"495","CVU","CVU","CVU","CVU","CVU","CVU","CVU","CVU","1","MEB_MGR_JPK132_RHE_RER_MEV_OMA","7",495,249
"496","VMY","VMY","VMY","VMY","VMY","VMY","VMY","VMY","1","MEB_MGR_JPK132_RHE_RER_MEV_OMA","7",496,250
"497","VCO","VCO","VCO","VCO","VCO","VCO","VCO","VCO","1","MEB_MGR_JPK132_RHE_RER_MEV_OMA","7",497,251
"498","VVI","VVI","VVI","VVI","VVI","VVI","VVI","VVI","1","MEB_MGR_JPK132_RHE_RER_MEV_OMA","7",498,252
"499","VMA","VMA","VMA","VMA","VMA","VMA","VMA","VMA","1","MEB_MGR_JPK132_RHE_RER_MEV_OMA","7",499,253
"500","PJA","PJA","PJA","PJA","PJA","PJA","PJA","PJA","1","MEB_MGR_JPK132_RHE_RER_MEV_OMA","7",500,254
"501","KLA","KLA","KLA","KLA","KLA","KLA","KLA","KLA","1","MEB_MGR_JPK132_RHE_RER_MEV_OMA","7",501,255
"502","GMI","GMI","GMI","GMI","GMI","GMI","GMI","GMI","1","MEB_MGR_JPK132_RHE_RER_MEV_OMA","7",502,256
"503","GSH","GSH","GSH","GSH","GSH","GSH","GSH","GSH","1","MEB_MGR_JPK132_RHE_RER_MEV_OMA","7",503,257
"504","VAN","VAN","VAN","VAN","VAN","VAN","VAN","VAN","1","MEB_MGR_JPK132_RHE_RER_MEV_OMA","7",504,258
"505","GPR","GPR","GPR","GPR","GPR","GPR","GPR","GPR","1","MEB_MGR_JPK132_RHE_RER_MEV_OMA","7",505,259
"506","CVU","CVU","CVU","CVU","CVU","CVU","CVU","CVU","1","MEB_MGR_JPK132_RHE_RER_MEV_OMA","7",506,260
"507","VMY","VMY","VMY","VMY","VMY","VMY","VMY","VMY","1","MEB_MGR_JPK132_RHE_RER_MEV_OMA","7",507,261
"508","VCO","VCO","VCO","VCO","VCO","VCO","VCO","VCO","1","MEB_MGR_JPK132_RHE_RER_MEV_OMA","7",508,262
"509","VVI","VVI","VVI","VVI","VVI","VVI","VVI","VVI","1","MEB_MGR_JPK132_RHE_RER_MEV_OMA","7",509,263
"510","VMA","VMA","VMA","VMA","VMA","VMA","VMA","VMA","1","MEB_MGR_JPK132_RHE_RER_MEV_OMA","7",510,264
"511","PJA","PJA","PJA","PJA","PJA","PJA","PJA","PJA","1","MEB_MGR_JPK132_RHE_RER_MEV_OMA","7",511,265
"512","KLA","KLA","KLA","KLA","KLA","KLA","KLA","KLA","1","MEB_MGR_JPK132_RHE_RER_MEV_OMA","7",512,266
"513","GMI","GMI","GMI","GMI","GMI","GMI","GMI","GMI","1","MEB_MGR_JPK132_RHE_RER_MEV_OMA","7",513,267
"514","GSH","GSH","GSH","GSH","GSH","GSH","GSH","GSH","1","MEB_MGR_JPK132_RHE_RER_MEV_OMA","7",514,268
"515","VAN","VAN","VAN","VAN","VAN","VAN","VAN","VAN","1","MEB_MGR_JPK132_RHE_RER_MEV_OMA","7",515,269
"516","GPR","GPR","GPR","GPR","GPR","GPR","GPR","GPR","1","MEB_MGR_JPK132_RHE_RER_MEV_OMA","7",516,270
"517","CVU","CVU","CVU","CVU","CVU","CVU","CVU","CVU","1","MEB_MGR_JPK132_RHE_RER_MEV_OMA","7",517,271
"518","VMY","VMY","VMY","VMY","VMY","VMY","VMY","VMY","1","MEB_MGR_JPK132_RHE_RER_MEV_OMA","7",518,272
"519","VCO","VCO","VCO","VCO","VCO","VCO","VCO","VCO","1","MEB_MGR_JPK132_RHE_RER_MEV_OMA","7",519,273
"520","VVI","VVI","VVI","VVI","VVI","VVI","VVI","VVI","1","MEB_MGR_JPK132_RHE_RER_MEV_OMA","7",520,274
"521","VMA","VMA","VMA","VMA","VMA","VMA","VMA","VMA","1","MEB_MGR_JPK132_RHE_RER_MEV_OMA","7",521,275
"522","PJA","PJA","PJA","PJA","PJA","PJA","PJA","PJA","1","MEB_MGR_JPK132_RHE_RER_MEV_OMA","7",522,276
"523","KLA","KLA","KLA","KLA","KLA","KLA","KLA","KLA","1","MEB_MGR_JPK132_RHE_RER_MEV_OMA","7",523,277
"524","GMI","GMI","GMI","GMI","GMI","GMI","GMI","GMI","1","MEB_MGR_JPK132_RHE_RER_MEV_OMA","7",524,278
"525","GSH","GSH","GSH","GSH","GSH","GSH","GSH","GSH","1","MEB_MGR_JPK132_RHE_RER_MEV_OMA","7",525,279
"526","GPR","CVU","GPR","CVU","GPR","CVU","GPR","CVU","2","MEB_MGR_JPK132_RHE_RER_MEV_OMA","7",526,280
"527","VAN","VCO","VAN","VCO","VAN","VCO","VAN","VCO","2","MEB_MGR_JPK132_RHE_RER_MEV_OMA","7",527,281
"528","GPR","VVI","GPR","VVI","GPR","VVI","GPR","VVI","2","MEB_MGR_JPK132_RHE_RER_MEV_OMA","7",528,282
"529","GPR","VMA","GPR","VMA","GPR","VMA","GPR","VMA","2","MEB_MGR_JPK132_RHE_RER_MEV_OMA","7",529,283
"530","VAN","PJA","VAN","PJA","VAN","PJA","VAN","PJA","2","MEB_MGR_JPK132_RHE_RER_MEV_OMA","7",530,284
"531","VAN","GMI","VAN","GMI","VAN","GMI","VAN","GMI","2","MEB_MGR_JPK132_RHE_RER_MEV_OMA","7",531,285
"532","GPR","GSH","GPR","GSH","GPR","GSH","GPR","GSH","2","MEB_MGR_JPK132_RHE_RER_MEV_OMA","7",532,286
"533","VMY","VCO","VMY","VCO","VMY","VCO","VMY","VCO","2","MEB_MGR_JPK132_RHE_RER_MEV_OMA","7",533,287
"534","CVU","VVI","CVU","VVI","CVU","VVI","CVU","VVI","2","MEB_MGR_JPK132_RHE_RER_MEV_OMA","7",534,288
"535","VMY","VMA","VMY","VMA","VMY","VMA","VMY","VMA","2","MEB_MGR_JPK132_RHE_RER_MEV_OMA","7",535,289
"536","CVU","KLA","CVU","KLA","CVU","KLA","CVU","KLA","2","MEB_MGR_JPK132_RHE_RER_MEV_OMA","7",536,290
"537","VMY","GMI","VMY","GMI","VMY","GMI","VMY","GMI","2","MEB_MGR_JPK132_RHE_RER_MEV_OMA","7",537,291
"538","VMY","GSH","VMY","GSH","VMY","GSH","VMY","GSH","2","MEB_MGR_JPK132_RHE_RER_MEV_OMA","7",538,292
"539","VCO","VVI","VCO","VVI","VCO","VVI","VCO","VVI","2","MEB_MGR_JPK132_RHE_RER_MEV_OMA","7",539,293
"540","VCO","VMA","VCO","VMA","VCO","VMA","VCO","VMA","2","MEB_MGR_JPK132_RHE_RER_MEV_OMA","7",540,294
"541","VCO","PJA","VCO","PJA","VCO","PJA","VCO","PJA","2","MEB_MGR_JPK132_RHE_RER_MEV_OMA","7",541,295
"542","VCO","GMI","VCO","GMI","VCO","GMI","VCO","GMI","2","MEB_MGR_JPK132_RHE_RER_MEV_OMA","7",542,296
"543","VCO","GSH","VCO","GSH","VCO","GSH","VCO","GSH","2","MEB_MGR_JPK132_RHE_RER_MEV_OMA","7",543,297
"544","VVI","VMA","VVI","VMA","VVI","VMA","VVI","VMA","2","MEB_MGR_JPK132_RHE_RER_MEV_OMA","7",544,298
"545","VVI","KLA","VVI","KLA","VVI","KLA","VVI","KLA","2","MEB_MGR_JPK132_RHE_RER_MEV_OMA","7",545,299
"546","VVI","GMI","VVI","GMI","VVI","GMI","VVI","GMI","2","MEB_MGR_JPK132_RHE_RER_MEV_OMA","7",546,300
"547","VVI","GSH","VVI","GSH","VVI","GSH","VVI","GSH","2","MEB_MGR_JPK132_RHE_RER_MEV_OMA","7",547,301
"548","VMA","KLA","VMA","KLA","VMA","KLA","VMA","KLA","2","MEB_MGR_JPK132_RHE_RER_MEV_OMA","7",548,302
"549","VMA","GMI","VMA","GMI","VMA","GMI","VMA","GMI","2","MEB_MGR_JPK132_RHE_RER_MEV_OMA","7",549,303
"550","VMA","GSH","VMA","GSH","VMA","GSH","VMA","GSH","2","MEB_MGR_JPK132_RHE_RER_MEV_OMA","7",550,304
"551","PJA","GMI","PJA","GMI","PJA","GMI","PJA","GMI","2","MEB_MGR_JPK132_RHE_RER_MEV_OMA","7",551,305
"552","PJA","GSH","PJA","GSH","PJA","GSH","PJA","GSH","2","MEB_MGR_JPK132_RHE_RER_MEV_OMA","7",552,306
"553","GMI","GSH","GMI","GSH","GMI","GSH","GMI","GSH","2","MEB_MGR_JPK132_RHE_RER_MEV_OMA","7",553,307
"554","VCO","VMA","VCO","VMA","VCO","VMA","VCO","VMA","2","MEB_MGR_JPK132_RHE_RER_MEV_OMA","7",554,308
"555","GMI","GSH","GMI","GSH","GMI","GSH","GMI","GSH","2","MEB_MGR_JPK132_RHE_RER_MEV_OMA","7",555,309
"556","GPR","VMA","KLA","GMI","GPR","VMA","KLA","GMI","4","MEB_MGR_JPK132_RHE_RER_MEV_OMA","7",556,310
"557","VMY","VVI","VMA","GSH","VMY","VVI","VMA","GSH","4","MEB_MGR_JPK132_RHE_RER_MEV_OMA","7",557,311
"558","VCO","VMA","PJA","GMI","VCO","VMA","PJA","GMI","4","MEB_MGR_JPK132_RHE_RER_MEV_OMA","7",558,312
"559","VAN","VCO","KLA","GMI","VAN","VCO","KLA","GMI","4","MEB_MGR_JPK132_RHE_RER_MEV_OMA","7",559,313
"560","VAN","VMA","PJA","GSH","VAN","VMA","PJA","GSH","4","MEB_MGR_JPK132_RHE_RER_MEV_OMA","7",560,314
"561","CVU","VMA","GMI","GSH","CVU","VMA","GMI","GSH","4","MEB_MGR_JPK132_RHE_RER_MEV_OMA","7",561,315
"562","VAN","VVI","KLA","GSH","VAN","VVI","KLA","GSH","4","MEB_MGR_JPK132_RHE_RER_MEV_OMA","7",562,316
"563","VAN","VVI","KLA","GMI","VAN","VVI","KLA","GMI","4","MEB_MGR_JPK132_RHE_RER_MEV_OMA","7",563,317
"564","VAN","CVU","VCO","VVI","VAN","CVU","VCO","VVI","4","MEB_MGR_JPK132_RHE_RER_MEV_OMA","7",564,318
"565","GPR","CVU","VMA","GSH","GPR","CVU","VMA","GSH","4","MEB_MGR_JPK132_RHE_RER_MEV_OMA","7",565,319
"566","VAN","KLA","GMI","GSH","VAN","KLA","GMI","GSH","4","MEB_MGR_JPK132_RHE_RER_MEV_OMA","7",566,320
"567","VAN","VMY","VCO","GSH","VAN","VMY","VCO","GSH","4","MEB_MGR_JPK132_RHE_RER_MEV_OMA","7",567,321
"568","VAN","VVI","VMA","PJA","VAN","VVI","VMA","PJA","4","MEB_MGR_JPK132_RHE_RER_MEV_OMA","7",568,322
"569","VVI","VMA","KLA","GSH","VVI","VMA","KLA","GSH","4","MEB_MGR_JPK132_RHE_RER_MEV_OMA","7",569,323
"570","VVI","KLA","GMI","GSH","VVI","KLA","GMI","GSH","4","MEB_MGR_JPK132_RHE_RER_MEV_OMA","7",570,324
"571","VMY","VCO","VVI","GMI","VMY","VCO","VVI","GMI","4","MEB_MGR_JPK132_RHE_RER_MEV_OMA","7",571,325
"572","VMY","VCO","VVI","KLA","VMY","VCO","VVI","KLA","4","MEB_MGR_JPK132_RHE_RER_MEV_OMA","7",572,326
"573","VAN","CVU","VVI","GSH","VAN","CVU","VVI","GSH","4","MEB_MGR_JPK132_RHE_RER_MEV_OMA","7",573,327
"574","GPR","VCO","VMA","GSH","GPR","VCO","VMA","GSH","4","MEB_MGR_JPK132_RHE_RER_MEV_OMA","7",574,328
"575","GPR","CVU","VMA","KLA","GPR","CVU","VMA","KLA","4","MEB_MGR_JPK132_RHE_RER_MEV_OMA","7",575,329
"576","CVU","VCO","VVI","VMA","CVU","VCO","VVI","VMA","4","MEB_MGR_JPK132_RHE_RER_MEV_OMA","7",576,330
"577","VAN","VCO","VMA","PJA","VAN","VCO","VMA","PJA","4","MEB_MGR_JPK132_RHE_RER_MEV_OMA","7",577,331
"578","GPR","VMA","GMI","GSH","GPR","VMA","GMI","GSH","4","MEB_MGR_JPK132_RHE_RER_MEV_OMA","7",578,332
"579","VCO","KLA","GMI","GSH","VCO","KLA","GMI","GSH","4","MEB_MGR_JPK132_RHE_RER_MEV_OMA","7",579,333
"580","VCO","VVI","GMI","GSH","VCO","VVI","GMI","GSH","4","MEB_MGR_JPK132_RHE_RER_MEV_OMA","7",580,334
"581","VCO","VVI","VMA","GMI","VCO","VVI","VMA","GMI","4","MEB_MGR_JPK132_RHE_RER_MEV_OMA","7",581,335
"582","CVU","VMA","KLA","GMI","CVU","VMA","KLA","GMI","4","MEB_MGR_JPK132_RHE_RER_MEV_OMA","7",582,336
"583","VMY","VCO","PJA","GMI","VMY","VCO","PJA","GMI","4","MEB_MGR_JPK132_RHE_RER_MEV_OMA","7",583,337
"584","CVU","VVI","GMI","GSH","CVU","VVI","GMI","GSH","4","MEB_MGR_JPK132_RHE_RER_MEV_OMA","7",584,338
"585","VAN","VMY","VCO","GMI","VAN","VMY","VCO","GMI","4","MEB_MGR_JPK132_RHE_RER_MEV_OMA","7",585,339
"586","GPR","CVU","VCO","VVI","VMA","KLA","GMI","GSH","8","MEB_MGR_JPK132_RHE_RER_MEV_OMA","7",586,340
"587","VAN","CVU","VCO","VVI","VMA","KLA","GMI","GSH","8","MEB_MGR_JPK132_RHE_RER_MEV_OMA","7",587,341
"588","GPR","VMY","VCO","VVI","VMA","KLA","GMI","GSH","8","MEB_MGR_JPK132_RHE_RER_MEV_OMA","7",588,342
"589","VAN","CVU","VCO","VVI","VMA","KLA","GMI","GSH","8","MEB_MGR_JPK132_RHE_RER_MEV_OMA","7",589,343
"590","GPR","CVU","VCO","VVI","VMA","KLA","GMI","GSH","8","MEB_MGR_JPK132_RHE_RER_MEV_OMA","7",590,344
"591","VAN","VMY","VCO","VVI","VMA","KLA","GMI","GSH","8","MEB_MGR_JPK132_RHE_RER_MEV_OMA","7",591,345
"592","GPR","VMY","VCO","VVI","VMA","KLA","GMI","GSH","8","MEB_MGR_JPK132_RHE_RER_MEV_OMA","7",592,346
"593","GPR","CVU","VCO","VVI","VMA","KLA","GMI","GSH","8","MEB_MGR_JPK132_RHE_RER_MEV_OMA","7",593,347
"594","GPR","VMY","VCO","VVI","VMA","KLA","GMI","GSH","8","MEB_MGR_JPK132_RHE_RER_MEV_OMA","7",594,348
"595","GPR","CVU","VCO","VVI","VMA","PJA","GMI","GSH","8","MEB_MGR_JPK132_RHE_RER_MEV_OMA","7",595,349
"596","GPR","CVU","VCO","VVI","VMA","PJA","GMI","GSH","8","MEB_MGR_JPK132_RHE_RER_MEV_OMA","7",596,350
"597","GPR","VMY","VCO","VVI","VMA","PJA","GMI","GSH","8","MEB_MGR_JPK132_RHE_RER_MEV_OMA","7",597,351
"598","GPR","CVU","VCO","VVI","VMA","KLA","GMI","GSH","8","MEB_MGR_JPK132_RHE_RER_MEV_OMA","7",598,352
"599","VAN","CVU","VCO","VVI","VMA","KLA","GMI","GSH","8","MEB_MGR_JPK132_RHE_RER_MEV_OMA","7",599,353
"600","VAN","VMY","VCO","VVI","VMA","KLA","GMI","GSH","8","MEB_MGR_JPK132_RHE_RER_MEV_OMA","7",600,354
"601","GPR","VMY","VCO","VVI","VMA","KLA","GMI","GSH","8","MEB_MGR_JPK132_RHE_RER_MEV_OMA","7",601,355
"602","GPR","CVU","VCO","VVI","VMA","KLA","GMI","GSH","8","MEB_MGR_JPK132_RHE_RER_MEV_OMA","7",602,356
"603","VAN","VMY","VCO","VVI","VMA","KLA","GMI","GSH","8","MEB_MGR_JPK132_RHE_RER_MEV_OMA","7",603,357
"604","VAN","VMY","VCO","VVI","VMA","KLA","GMI","GSH","8","MEB_MGR_JPK132_RHE_RER_MEV_OMA","7",604,358
"605","GPR","VMY","VCO","VVI","VMA","KLA","GMI","GSH","8","MEB_MGR_JPK132_RHE_RER_MEV_OMA","7",605,359
"606","VAN","CVU","VCO","VVI","VMA","KLA","GMI","GSH","8","MEB_MGR_JPK132_RHE_RER_MEV_OMA","7",606,360
"607","VAN","VMY","VCO","VVI","VMA","KLA","GMI","GSH","8","MEB_MGR_JPK132_RHE_RER_MEV_OMA","7",607,361
"608","VAN","VMY","VCO","VVI","VMA","PJA","GMI","GSH","8","MEB_MGR_JPK132_RHE_RER_MEV_OMA","7",608,362
"609","GPR","CVU","VCO","VVI","VMA","KLA","GMI","GSH","8","MEB_MGR_JPK132_RHE_RER_MEV_OMA","7",609,363
"610","VAN","CVU","VCO","VVI","VMA","KLA","GMI","GSH","8","MEB_MGR_JPK132_RHE_RER_MEV_OMA","7",610,364
"611","GPR","CVU","VCO","VVI","VMA","KLA","GMI","GSH","8","MEB_MGR_JPK132_RHE_RER_MEV_OMA","7",611,365
"612","GPR","CVU","VCO","VVI","VMA","PJA","GMI","GSH","8","MEB_MGR_JPK132_RHE_RER_MEV_OMA","7",612,366
"613","VAN","CVU","VCO","VVI","VMA","KLA","GMI","GSH","8","MEB_MGR_JPK132_RHE_RER_MEV_OMA","7",613,367
"614","VAN","CVU","VCO","VVI","VMA","KLA","GMI","GSH","8","MEB_MGR_JPK132_RHE_RER_MEV_OMA","7",614,368
"615","VAN","VMY","VCO","VVI","VMA","PJA","GMI","GSH","8","MEB_MGR_JPK132_RHE_RER_MEV_OMA","7",615,369
